English Word,Collision Count,Candidates (Pipe Separated),Action Needed
clear,14,明|较|显然|晴|明白|明显|可见|清楚|朗|清|澄|了|清晰|清理,Likely Garbage/Stopword
according to,9,以|依照|依|依据|比照|根据|按|照|按照,Likely Garbage/Stopword
happy,8,喜悦|美好|忻|高兴|乐|快乐|欣|舒畅,Likely Garbage/Stopword
I,8,我|吾|俺|老汉|予|本人|朕|鄙人,Likely Garbage/Stopword
all,8,都|一切|咸|通通|所有|诸|全|皆,Likely Garbage/Stopword
still,8,静|尚|仍旧|依旧|犹|仍然|依然|仍,Likely Garbage/Stopword
change,7,变动|改变|易|转化|换|转变|变化,Likely Garbage/Stopword
hard,7,硬|坚硬|刚|辛苦|困难|固|监,Likely Garbage/Stopword
number,7,编号|多少|号码|数|码|次|数字,Likely Garbage/Stopword
and,7,而|并且|及|暨|并|与|和,Likely Garbage/Stopword
if,7,要是|的话|假若|假如|倘|若是|如果,Likely Garbage/Stopword
life,6,世|人生|命|生|生命|生活,Likely Garbage/Stopword
some,6,些|某些|某|有的|有些|一些,Likely Garbage/Stopword
people,6,人们|大众|人民|世人|平民|萌,Likely Garbage/Stopword
inside,6,内|里头|之中|之内|里面|里,Likely Garbage/Stopword
always,6,向来|总是|老是|常|从来|总,Likely Garbage/Stopword
child,6,子|孩|孩子|幼儿|小孩|儿童,Likely Garbage/Stopword
collapse,6,崩|崩溃|塌|倒塌|坍|垮,Likely Garbage/Stopword
great,6,弘|很多|重大|伟大|钧|冢,Likely Garbage/Stopword
house,6,房屋|房子|屋子|馆|屋|房,Likely Garbage/Stopword
collect,6,捡|搜集|收集|拢|攒|辑,Likely Garbage/Stopword
extremely,6,极其|极度|极为|极|万分|极了,Likely Garbage/Stopword
just,6,正好|正|允|刚好|公|甫,Likely Garbage/Stopword
plan,6,略|方案|打算|规划|计划|设计,Likely Garbage/Stopword
position,6,立场|地位|部位|位置|定位|位,Likely Garbage/Stopword
group,6,组|会|帮|团体|集团|拨,Likely Garbage/Stopword
elegant,6,郁|漂|藻|雅|斐|优雅,Likely Garbage/Stopword
near,6,靠|促|接近|濒|近|傍,Likely Garbage/Stopword
already,5,业经|曾|已|已经|既,Check Polysemy
beg,5,乞讨|乞|乞求|恳求|央,Check Polysemy
outstanding,5,优秀|卓|显着|翘|尤,Check Polysemy
whole,5,全部|整体|完|统|整整,Check Polysemy
again,5,再|复|再次|又|重新,Check Polysemy
area,5,区|地区|面积|地方|区域,Check Polysemy
can,5,可|能够|能|罐|可以,Check Polysemy
only,5,唯一|唯|惟|只有|不过,Check Polysemy
good,5,商品|善|良|良好|好,Check Polysemy
how,5,多么|哪|那|怎|如何,Check Polysemy
many,5,大多|沓|多|好多|许多,Check Polysemy
case,5,套|例子|盒子|案|盒,Check Polysemy
you,5,妳|你|侬|你们|您,Check Polysemy
complete,5,完全|完成|周|完整|毕,Check Polysemy
old,5,宿|旧|久远|老|积,Check Polysemy
age,5,年代|时代|龄|年纪|年龄,Check Polysemy
return,5,归还|退还|返回|回去|回来,Check Polysemy
nature,5,性格|自然界|大自然|性质|自然,Check Polysemy
sad,5,悲伤|哀伤|哀怨|悲|哀愁,Check Polysemy
feeling,5,情|情感|感觉|感情|情绪,Check Polysemy
attack,5,攻击|进攻|征|冲击|抨击,Check Polysemy
time,5,时候|期间|季节|久|时间,Check Polysemy
capital,5,本钱|京|本金|资本|资,Check Polysemy
imitate,5,模仿|模|摸|仿|效,Check Polysemy
rich,5,沃|富有|丰富|富|阔,Check Polysemy
then,5,然则|就|当时|继|而后,Check Polysemy
appearance,5,现象|显现|面目|容|貌,Check Polysemy
even,5,甚至于|甚或|匀|甚至|连,Check Polysemy
rule,5,程|天下|矩|规则|统治,Check Polysemy
reply,5,答应|回复|答覆|回答|回信,Check Polysemy
continue,5,续|继续|延续|接着|持续,Check Polysemy
bright,5,耿|景|辉|锦|明朗,Check Polysemy
miss,5,脱靶|思念|小姐|想念|错过,Check Polysemy
immediately,5,赶快|顿时|马上|随即|立即,Check Polysemy
excessive,5,过多|过分|淫|多余|过度,Check Polysemy
color,5,颜色|彩色|彩|颜|色,Check Polysemy
identical,4,一致|相同|相同的|同一,Check Polysemy
business,4,业|生意|业务|商业,Check Polysemy
individual,4,个人|个|个体|个别,Check Polysemy
small,4,么|小|芮|微小,Check Polysemy
tired,4,乏|辛|疲劳|倦,Check Polysemy
work,4,事务|运作|工|办公,Check Polysemy
from,4,从|自|从中|离,Check Polysemy
before,4,以前|事先|之前|前,Check Polysemy
urge,4,催促|促使|敦促|催,Check Polysemy
like,4,像|同|如同|若,Check Polysemy
public,4,公共|公用|公众|国有,Check Polysemy
village,4,农村|村|村子|村庄,Check Polysemy
miserable,4,凄惨|悲惨|惨|痛苦,Check Polysemy
system,4,制|体制|系统|体系,Check Polysemy
power,4,力|权力|力量|威,Check Polysemy
office,4,办公室|办事处|任|署,Check Polysemy
countless,4,千万|无数的|无数|数不清,Check Polysemy
but,4,却|但|但是|可是,Check Polysemy
cause,4,原因|致使|因|事业,Check Polysemy
name,4,名字|名|命名|名称,Check Polysemy
regret,4,后悔|遗憾|抱歉|悔,Check Polysemy
direction,4,向|趋向|方向|道,Check Polysemy
contain,4,含有|容纳|盛|包含,Check Polysemy
we,4,咱|我人|我们|咱们,Check Polysemy
cough,4,咳嗽|嗽|咯|咳,Check Polysemy
goods,4,商品|货物|产品|货,Check Polysemy
earth,4,土|泥土|地|地球,Check Polysemy
bury,4,埋葬|厝|埋|葬,Check Polysemy
city,4,城镇|城市|都市|城,Check Polysemy
head,4,头|头部|首|为首,Check Polysemy
woman,4,妇|妇女|女人|女子,Check Polysemy
alone,4,孤独|独|单独|独自,Check Polysemy
respect,4,尊敬|遵守|尊重|方面,Check Polysemy
unexpectedly,4,居然|竟然|竟|不料,Check Polysemy
year,4,岁|年|载|年头,Check Polysemy
mound,4,岗|土墩|邱|丘,Check Polysemy
river,4,川|江|河|河流,Check Polysemy
peaceful,4,康|宁|和平|平静,Check Polysemy
suddenly,4,忽然|忽|乍|俄,Check Polysemy
suffer,4,惨遭|遭受|遭到|受苦,Check Polysemy
fight,4,战|搏|交战|斗,Check Polysemy
therefore,4,所以|爰|因此|因而,Check Polysemy
skill,4,技巧|艺|技|一手,Check Polysemy
stingy,4,抠|靳|吝啬|小气,Check Polysemy
choose,4,挑|选择|选取|拣,Check Polysemy
catch,4,捕捉|着|迨|捕捞,Check Polysemy
pay,4,支付|付|付出|付款,Check Polysemy
support,4,支持|撑|支撑|持,Check Polysemy
friend,4,朋|友|朋友|友人,Check Polysemy
not,4,未|否|不|没,Check Polysemy
frame,4,格|画面|框|架,Check Polysemy
especially,4,格外|份外|尤其|特别,Check Polysemy
this,4,此|斯|这样|这,Check Polysemy
female,4,母|雌|女|女性,Check Polysemy
hair,4,毛|发|头发|毫,Check Polysemy
wave,4,浪|波|挥手|阵,Check Polysemy
clean,4,清洁|净|洁|干净,Check Polysemy
speech,4,演说|讲|言语|演讲,Check Polysemy
bake,4,烘烤|烙|烘|烤,Check Polysemy
father,4,父|父亲|爸爸|爸,Check Polysemy
special,4,特殊|特定|特|专,Check Polysemy
appear,4,现|露面|显得|见,Check Polysemy
benefit,4,益|利益|好处|效益,Check Polysemy
each other,4,相|相互|彼此|互相,Check Polysemy
know,4,知道|认得|得知|体会,Check Polysemy
member,4,社员|成员|会员|议员,Check Polysemy
call,4,称为|称呼|号召|喊,Check Polysemy
kind,4,类|种类|种|善良,Check Polysemy
prosperous,4,繁荣|昌|亨|旺,Check Polysemy
record,4,纪录|籍|记录|录音,Check Polysemy
slow,4,缓慢|缓|慢|徐,Check Polysemy
abandon,4,背弃|舍|离弃|弃,Check Polysemy
beard,4,胡|胡须|胡子|须,Check Polysemy
industry,4,行业|产业|业界|工业,Check Polysemy
crack,4,裂|隙|裂缝|缝,Check Polysemy
excellent,4,詹|嘉|优|佳,Check Polysemy
body,4,躬|身|体|身体,Check Polysemy
until,4,迄|直到|俟|为止,Check Polysemy
defend,4,防御|保卫|捍卫|辩护,Check Polysemy
remove,4,除|撤|搬|脱掉,Check Polysemy
gather,4,集会|聚|聚集|采,Check Polysemy
shake,4,震|摇|摇动|震撼,Check Polysemy
along,4,顺|缘|沿|一同,Check Polysemy
neck,4,颈|脖|领|脖子,Check Polysemy
eat,4,餐|食|啖|吃,Check Polysemy
black,4,黎|黑|皂|乌,Check Polysemy
thousand,3,一千|千|仟,Check Polysemy
once,3,一旦|曾经|一度,Check Polysemy
same,3,一般|同样|一样,Check Polysemy
under,3,下|之下|在下,Check Polysemy
below,3,下面|在下面|以下,Check Polysemy
maybe,3,不一定|说不定|或,Check Polysemy
difficult,3,不易|难|艰,Check Polysemy
correct,3,不错|然|纠,Check Polysemy
focus,3,专注|焦点|聚焦,Check Polysemy
silk,3,丝|帛|丝绸,Check Polysemy
tight,3,严|紧|瘦,Check Polysemy
solemn,3,严肃|庄严的|穆,Check Polysemy
china,3,中华|中国|华,Check Polysemy
because of,3,为|基于|由于,Check Polysemy
why,3,为何|为什么|为甚么,Check Polysemy
view,3,主张|意见|看法,Check Polysemy
after,3,之后|然后|以后,Check Polysemy
ride,3,乘|骑|乘坐,Check Polysemy
also,3,也|还|亦,Check Polysemy
habit,3,习惯|癖|习,Check Polysemy
country,3,乡|国家|国,Check Polysemy
two,3,二|贰|双,Check Polysemy
give,3,交给|赏|给以,Check Polysemy
personally,3,亲眼|亲自|亲手,Check Polysemy
they,3,他们|它们|她们,Check Polysemy
substitute,3,代|取代|取而代之,Check Polysemy
value,3,价值|推崇|值,Check Polysemy
company,3,企业|公司|司,Check Polysemy
similar,3,似|肖|类似,Check Polysemy
inexpensive,3,便宜|贱|廉,Check Polysemy
recommend,3,保送|荐|推荐,Check Polysemy
proud,3,傲|骄|骄傲,Check Polysemy
tradition,3,傳統|传统|舞狮,Check Polysemy
advanced,3,先进|高级|进阶,Check Polysemy
light,3,光|轻|亮,Check Polysemy
common,3,共同|共|普通,Check Polysemy
other,3,其他|其它|另,Check Polysemy
actually,3,其实|所|究竟,Check Polysemy
army,3,军队|军|营,Check Polysemy
moreover,3,况且|况|而且,Check Polysemy
cold,3,冷|寒|冷淡,Check Polysemy
minute,3,分|分钟|渺小,Check Polysemy
share,3,分享|股票|股,Check Polysemy
sentence,3,判刑|句|句子,Check Polysemy
eliminate,3,刨|除去|清除,Check Polysemy
exploit,3,利用|开发|剥削,Check Polysemy
everywhere,3,到处|处处|遍,Check Polysemy
razor,3,剃刀|剃须刀片|剃须刀,Check Polysemy
theater,3,剧场|戏院|剧院,Check Polysemy
exhort,3,励|勉|劝,Check Polysemy
medicine,3,医学|药|药品,Check Polysemy
half,3,半|一半|半数,Check Polysemy
doctor,3,博士|医生|医师,Check Polysemy
danger,3,危|危险|险,Check Polysemy
period,3,历时|届|时期,Check Polysemy
reason,3,原因|理|理由,Check Polysemy
friendly,3,友好|友好的|和气,Check Polysemy
bilateral,3,双边|双方|两岸,Check Polysemy
double,3,双重|兼|双倍,Check Polysemy
reaction,3,反动|反应|反映,Check Polysemy
popular,3,受欢迎|流行|热门,Check Polysemy
roar,3,号|咆哮|吼,Check Polysemy
each,3,各|每|各自,Check Polysemy
otherwise,3,否则|要不然|要不,Check Polysemy
throat,3,吭|喉咙|咽,Check Polysemy
hey,3,哎哟|哎|嘿,Check Polysemy
what,3,啥|甚么|什,Check Polysemy
fragrant,3,喷|芳|香,Check Polysemy
grumble,3,噜|叽|诉苦,Check Polysemy
circle,3,圈子|循环|圆,Check Polysemy
above,3,在上面|以上|之上,Check Polysemy
base,3,基|基地|基础,Check Polysemy
hall,3,堂|厅|大厅,Check Polysemy
strong,3,壮|强壮|坚,Check Polysemy
location,3,处|址|场所,Check Polysemy
outside,3,外|外面|之外,Check Polysemy
external,3,外界|外来|以外,Check Polysemy
authority,3,大家|权|柄,Check Polysemy
extensive,3,大规模|博|广泛,Check Polysemy
strange,3,奇怪|陌生|诡异,Check Polysemy
appoint,3,委任|聘任|指定,Check Polysemy
jealous,3,嫉妒|忌|妒,Check Polysemy
school,3,宗|学校|校,Check Polysemy
scene,3,实况|现场|情景,Check Polysemy
night,3,宵|夜|夜晚,Check Polysemy
capacity,3,容量|度|量,Check Polysemy
direct,3,导演|主持|直接,Check Polysemy
almost,3,将近|几乎|几,Check Polysemy
peak,3,尖峰|山峰|峰,Check Polysemy
flavor,3,尝|口味|味道,Check Polysemy
reside,3,居住|寓|居,Check Polysemy
subordinate,3,属下|下属|附属,Check Polysemy
bank,3,岸|畔|银行,Check Polysemy
adore,3,崇拜|爱慕|喜爱,Check Polysemy
cancer,3,巨蟹座|癌症|癌,Check Polysemy
teacher,3,师|教师|老师,Check Polysemy
emperor,3,帝|皇|皇帝,Check Polysemy
width,3,幅|幅度|宽度,Check Polysemy
flat,3,平坦|平|扁,Check Polysemy
young,3,年轻|幼|幼稚,Check Polysemy
huge,3,庞大|巨|庞,Check Polysemy
court,3,庭|法庭|法院,Check Polysemy
extend,3,延长|扩展|申,Check Polysemy
lift,3,开放|举重|掀,Check Polysemy
bend,3,弯|弯曲|拗,Check Polysemy
strength,3,强|劲|实力,Check Polysemy
form,3,形|养成|程式,Check Polysemy
often,3,往往|时时|时常,Check Polysemy
very,3,得很|很|甚,Check Polysemy
fast,3,快速|快|速,Check Polysemy
completely,3,总体|十足|全然,Check Polysemy
president,3,总统|校长|院长,Check Polysemy
hang,3,悬|吊|挂,Check Polysemy
mournful,3,悲切|悲恸|萧,Check Polysemy
situation,3,情况|情形|局势,Check Polysemy
pleased,3,愉|悦|陶,Check Polysemy
idea,3,意思|想法|意,Check Polysemy
foolish,3,愚蠢|傻|呆,Check Polysemy
indignant,3,愤|气愤|怒,Check Polysemy
generous,3,慷慨|厚|慨,Check Polysemy
apply,3,报名|搽|申请,Check Polysemy
expand,3,拓|膨胀|拓展,Check Polysemy
hire,3,招收|雇|雇用,Check Polysemy
hinder,3,拦|挡|妨碍,Check Polysemy
save,3,拯救|保存|省得,Check Polysemy
injure,3,损|伤|伤害,Check Polysemy
raise,3,提高|异|筹措,Check Polysemy
hold,3,握住|持有|秉,Check Polysemy
scatter,3,撒|挥|披,Check Polysemy
sow,3,播种机|播种|播,Check Polysemy
branch,3,支|树枝|枝,Check Polysemy
new,3,新任|新|新兴,Check Polysemy
dictionary,3,新华字典|词典|辞典,Check Polysemy
no,3,无|毋|不然,Check Polysemy
day,3,日子|日|天,Check Polysemy
japanese,3,日文|日语|日本,Check Polysemy
dawn,3,旭|晓|旦,Check Polysemy
high,3,昂|高|崇,Check Polysemy
yesterday,3,昨日|昨天|昨,Check Polysemy
warm,3,暖|温|温暖,Check Polysemy
fury,3,暴怒|狂怒|愤怒,Check Polysemy
more,3,更加|更多|更,Check Polysemy
clothes,3,服|衣|衣服,Check Polysemy
towards,3,朝|朝向|奔,Check Polysemy
machine,3,机|机械|机器,Check Polysemy
rotten,3,朽|烂|腐朽,Check Polysemy
material,3,材料|料|材,Check Polysemy
cup,3,杯|杯子|盅,Check Polysemy
really,3,果然|果真|的确,Check Polysemy
sign,3,标记|标志|志,Check Polysemy
mark,3,标记|符|记,Check Polysemy
manner,3,样子|态度|样,Check Polysemy
stick,3,棍|棒子|棍子,Check Polysemy
smart,3,棒|俊|俏,Check Polysemy
besides,3,此外|除了|再说,Check Polysemy
current,3,水流|当前|现时,Check Polysemy
law,3,法律|律|法,Check Polysemy
foreign,3,洋|外国|番,Check Polysemy
grand,3,浩|豪|隆,Check Polysemy
seal,3,海豹|记号|印证,Check Polysemy
weak,3,淡|衰|弱,Check Polysemy
deep,3,深|覃|潭,Check Polysemy
thorough,3,深入|透|彻底,Check Polysemy
sell,3,游说|卖|销售,Check Polysemy
dust,3,灰尘|尘|粉,Check Polysemy
disaster,3,灾难|祸|灾,Check Polysemy
flame,3,炎|焰|炽,Check Polysemy
order,3,点餐|秩序|令,Check Polysemy
familiar,3,熟|昵|熟悉的,Check Polysemy
swallow,3,燕子|吞咽|燕,Check Polysemy
thing,3,物|东西|事物,Check Polysemy
involve,3,牵涉|涉及|涉,Check Polysemy
property,3,特性|财产|资产,Check Polysemy
accusation,3,状|指控|罪名,Check Polysemy
fierce,3,猛烈|凶猛|凶,Check Polysemy
lead,3,率领|领导|主角,Check Polysemy
field,3,田地|野|田,Check Polysemy
leave,3,留|别|离开,Check Polysemy
exhausted,3,疲惫|尽|穷,Check Polysemy
disease,3,病症|症|疾病,Check Polysemy
scale,3,登|规模|秤,Check Polysemy
absolutely,3,百分之百|万万|断,Check Polysemy
royal,3,皇家的|皇室|皇家卫队,Check Polysemy
big,3,盘|大|伟,Check Polysemy
blind,3,盲|盲人|瞎,Check Polysemy
real,3,真正|真|实,Check Polysemy
eye,3,眼睛|目|眼,Check Polysemy
society,3,社|社会|都会,Check Polysemy
secret,3,秘|密|隐,Check Polysemy
air,3,空|气|空气,Check Polysemy
narrow,3,窄|狭|局,Check Polysemy
end,3,端|终|末,Check Polysemy
build,3,筑|建造|搭,Check Polysemy
simple,3,简单|简|单纯,Check Polysemy
chest,3,箱子|膛|胸,Check Polysemy
type,3,类型|式|打字,Check Polysemy
sticky,3,粘性|粘|黏,Check Polysemy
energy,3,精|能量|能源,Check Polysemy
level,3,级|水平|水准,Check Polysemy
button,3,纽|钮|扣,Check Polysemy
coil,3,线圈|卷|缠,Check Polysemy
finally,3,终于|总算|到底,Check Polysemy
lack,3,缺|缺少|短,Check Polysemy
beautiful,3,美丽|丽|美,Check Polysemy
ashamed,3,羞愧|愧|怍,Check Polysemy
wing,3,翅膀|翅|翼,Check Polysemy
person,3,者|人士|员,Check Polysemy
fat,3,肥|脂|胖,Check Polysemy
swollen,3,肿胀|胀|肿,Check Polysemy
foot,3,脚|呎|足,Check Polysemy
since,3,自从|既然|以来,Check Polysemy
english,3,英|英文|英国,Check Polysemy
handsome,3,英俊|秀|帅,Check Polysemy
mean,3,薄|刻薄|凶,Check Polysemy
melt,3,融化|溶化|融,Check Polysemy
surface,3,表|标|表面,Check Polysemy
expression,3,表现|神色|表情,Check Polysemy
show,3,表露|展示|放映,Check Polysemy
seek,3,觅|谋|追求,Check Polysemy
feel,3,觉|感受|感觉到,Check Polysemy
example,3,训|例|鉴,Check Polysemy
certificate,3,证|毕业证书|证书,Check Polysemy
complain,3,诉|埋怨|抱怨,Check Polysemy
talk,3,谈话|言|说话,Check Polysemy
purchase,3,购买|采购|买进,Check Polysemy
approve,3,赞成|赞同|认证,Check Polysemy
trend,3,走向|倾向|趋势,Check Polysemy
lose,3,输|负|丧失,Check Polysemy
border,3,边界|境|际,Check Polysemy
carry,3,运载|提|何,Check Polysemy
here,3,这里|这儿|这边,Check Polysemy
further,3,进一步|愈加|且,Check Polysemy
force,3,迫使|强行|逼迫,Check Polysemy
gradually,3,逐渐|渐渐|日趋,Check Polysemy
way,3,途|途径|方式,Check Polysemy
speed,3,速度|速率|驰,Check Polysemy
avoid,3,避|避免|躲,Check Polysemy
part,3,部分|部份|局部,Check Polysemy
explain,3,释|交代|解释,Check Polysemy
key,3,钥|琴键|键,Check Polysemy
mistake,3,错误|错|误,Check Polysemy
between,3,间|中间|之间,Check Polysemy
hear,3,闻|听取|听见,Check Polysemy
male,3,雄性|男性|男,Check Polysemy
local,3,青团|当地|本地,Check Polysemy
target,3,靶|目标|对象,Check Polysemy
most,3,顶|大半|最,Check Polysemy
receive,3,领取|接待|接获,Check Polysemy
soul,3,魄|灵魂|魂,Check Polysemy
one,2,一|壹,Check Polysemy
altogether,2,一共|总共,Check Polysemy
repeatedly,2,一再|频频,Check Polysemy
piece,2,一块|块,Check Polysemy
together,2,一块儿|一起,Check Polysemy
simultaneously,2,一齐|同时,Check Polysemy
next,2,下一个|其次,Check Polysemy
following,2,下列|随着,Check Polysemy
kneel,2,下跪|跪,Check Polysemy
as,2,不啻|如,Check Polysemy
have to,2,不得不|不能不,Check Polysemy
unknown,2,不得而知|未知,Check Polysemy
impolite,2,不礼貌|不客气,Check Polysemy
carelessly,2,不经意|胡乱,Check Polysemy
bad,2,不良|坏,Check Polysemy
expert,2,专家|内行,Check Polysemy
third,2,丙|第三,Check Polysemy
discard,2,丢弃|抛弃,Check Polysemy
grim,2,严峻|冷酷,Check Polysemy
serious,2,严肃|郑重,Check Polysemy
within,2,中|以内,Check Polysemy
poisoning,2,中毒|毒害,Check Polysemy
red,2,丹|赤,Check Polysemy
master,2,主人|主,Check Polysemy
host,2,主办|主持人,Check Polysemy
zigzag,2,之字形|锯齿形,Check Polysemy
times,2,乘|倍,Check Polysemy
breast,2,乳|奶,Check Polysemy
matter,2,事|物质,Check Polysemy
affair,2,事情|务,Check Polysemy
deficiency,2,亏|阙,Check Polysemy
his,2,亓|其,Check Polysemy
five,2,五|伍,Check Polysemy
asian,2,亚|亚洲,Check Polysemy
mutual,2,交互|互,Check Polysemy
namely,2,亦即|即,Check Polysemy
product,2,产物|乘积,Check Polysemy
enjoy,2,享|享有,Check Polysemy
pavilion,2,亭|凉亭,Check Polysemy
dear,2,亲爱的|亲,Check Polysemy
autograph,2,亲笔签名|签名,Check Polysemy
talent,2,人才|才能,Check Polysemy
barely,2,仅|仅仅,Check Polysemy
today,2,今天|今,Check Polysemy
thus,2,从而|乃,Check Polysemy
duty,2,仔|责,Check Polysemy
nasty,2,令人厌恶的|讨厌的,Check Polysemy
price,2,价|价格,Check Polysemy
copy,2,份|抄袭,Check Polysemy
he,2,伊|他,Check Polysemy
rest,2,休息|其余,Check Polysemy
leisure,2,休闲|闲,Check Polysemy
estimate,2,估|估计,Check Polysemy
comrade,2,伴|同志,Check Polysemy
companion,2,伴侣|侣,Check Polysemy
residence,2,住宅|宅,Check Polysemy
whence,2,何以|何处,Check Polysemy
decide,2,作主|决定,Check Polysemy
works,2,作品|词,Check Polysemy
author,2,作者|作家,Check Polysemy
wear,2,佩|戴,Check Polysemy
messenger,2,使|信使,Check Polysemy
nephew,2,侄|侄子,Check Polysemy
supply,2,供应|补给,Check Polysemy
confess,2,供认|忏悔,Check Polysemy
convenient,2,便利|方便,Check Polysemy
cheap,2,便宜|低廉,Check Polysemy
protect,2,保护|护,Check Polysemy
letter,2,信|字,Check Polysemy
trust,2,信任|信托,Check Polysemy
envelope,2,信封|外壳,Check Polysemy
stoop,2,俯|弯腰,Check Polysemy
tough,2,倔|韧,Check Polysemy
loan,2,借贷|贷款,Check Polysemy
fake,2,假的|假,Check Polysemy
conjecture,2,假设|推测,Check Polysemy
secretly,2,偷偷|暗暗,Check Polysemy
stockpile,2,储存|贮,Check Polysemy
monk,2,僧侣|僧,Check Polysemy
son,2,儿|儿子,Check Polysemy
fill,2,充|填充,Check Polysemy
full,2,充分|盈,Check Polysemy
wholeheartedly,2,全心全意|一心,Check Polysemy
post,2,公告|邮,Check Polysemy
meter,2,公尺|米,Check Polysemy
convention,2,公约|大会,Check Polysemy
orchid,2,兰花|兰,Check Polysemy
concerning,2,关于|有关,Check Polysemy
among,2,其中|当中,Check Polysemy
tool,2,具|工具,Check Polysemy
part-time,2,兼职|兼任,Check Polysemy
content,2,内容|安,Check Polysemy
underwear,2,内衣|衬,Check Polysemy
book,2,册|书,Check Polysemy
furthermore,2,再者|还有,Check Polysemy
military,2,军事|兵,Check Polysemy
agriculture,2,农|农业,Check Polysemy
hat,2,冠|帽,Check Polysemy
winter,2,冬季|冬,Check Polysemy
hail,2,冰雹|招手叫车,Check Polysemy
accurate,2,准确|准,Check Polysemy
soar,2,凌|翱翔,Check Polysemy
assemble,2,凑|聚集,Check Polysemy
ordinary,2,凡|便,Check Polysemy
ferocious,2,凶猛|猛,Check Polysemy
attend,2,出席|赴,Check Polysemy
feasible,2,切实|可行,Check Polysemy
row,2,划船|列,Check Polysemy
standard,2,则|标准,Check Polysemy
creation,2,创作|建立,Check Polysemy
terrible,2,利害|厉害,Check Polysemy
blow,2,刮|飕,Check Polysemy
condition,2,制约|状况,Check Polysemy
chop,2,剁|切,Check Polysemy
shave,2,剃|刮胡子,Check Polysemy
peel,2,剥|剥皮,Check Polysemy
persuade,2,劝说|说,Check Polysemy
merit,2,功|优点,Check Polysemy
plus,2,加|加上,Check Polysemy
add,2,加|添加,Check Polysemy
cannon,2,加农炮|炮,Check Polysemy
participate,2,加盟|参,Check Polysemy
movement,2,动作|运动,Check Polysemy
brave,2,勇|勇敢,Check Polysemy
strangle,2,勒|勒死,Check Polysemy
spoon,2,勺|匙,Check Polysemy
scoop,2,勺子|杓子,Check Polysemy
surround,2,包围|抱,Check Polysemy
pack,2,包装|打包,Check Polysemy
dagger,2,匕首|匕,Check Polysemy
north,2,北|北方,Check Polysemy
bandit,2,匪|寇,Check Polysemy
empty,2,匮|空的,Check Polysemy
ten,2,十|拾,Check Polysemy
cooperate,2,协|合力,Check Polysemy
single,2,单一|只,Check Polysemy
south,2,南|南方,Check Polysemy
museum,2,博物院|博物馆,Check Polysemy
hurried,2,卞|急,Check Polysemy
health,2,卫生|健康,Check Polysemy
history,2,历史|史,Check Polysemy
former,2,原|原先,Check Polysemy
first,2,原始|首先,Check Polysemy
originally,2,原本|起初,Check Polysemy
cook,2,厨子|厨师,Check Polysemy
fork,2,叉子|叉,Check Polysemy
shine,2,发亮|照射,Check Polysemy
excavate,2,发掘|挖掘,Check Polysemy
fever,2,发烧|烧,Check Polysemy
publish,2,发行|刊,Check Polysemy
repeat,2,叠|重复,Check Polysemy
ancient,2,古代|古,Check Polysemy
wacky,2,古怪|古怪的,Check Polysemy
knock,2,叩|敲,Check Polysemy
sting,2,叮|蛰,Check Polysemy
right,2,右边|右,Check Polysemy
sigh,2,叹气|嗟,Check Polysemy
chorus,2,合唱团|合唱,Check Polysemy
afterwards,2,后来|此后,Check Polysemy
toast,2,吐司|敬酒,Check Polysemy
dumb,2,吧|哑,Check Polysemy
ton,2,吨|公吨,Check Polysemy
absorb,2,吸收|摄取,Check Polysemy
warn,2,告诫|井,Check Polysemy
vomit,2,呕吐|吐,Check Polysemy
choke,2,呛|窒息,Check Polysemy
moan,2,呻吟|吟,Check Polysemy
peace,2,和平|虞,Check Polysemy
harmony,2,和谐|和声,Check Polysemy
conduct,2,品|作战,Check Polysemy
breed,2,品种|繁殖,Check Polysemy
answer,2,响应|答案,Check Polysemy
philosophy,2,哲|哲学,Check Polysemy
hum,2,哼|哼唱,Check Polysemy
consult,2,商量|请教,Check Polysemy
sip,2,啜饮|啐,Check Polysemy
gasp,2,喘息|喘气,Check Polysemy
ah,2,嗄|啊,Check Polysemy
crunch,2,嘎吱|松脆,Check Polysemy
mouth,2,嘴|口,Check Polysemy
lip,2,嘴唇|唇,Check Polysemy
organ,2,器官|机关,Check Polysemy
islam,2,回|伊斯兰教,Check Polysemy
response,2,回应|应对,Check Polysemy
recall,2,回想|回忆,Check Polysemy
team,2,团队|班,Check Polysemy
drowsy,2,困倦|困倦的,Check Polysemy
confused,2,困惑|混,Check Polysemy
solid,2,固体|确,Check Polysemy
national,2,国民|国立,Check Polysemy
place,2,地点|场,Check Polysemy
geography,2,地理|地理学,Check Polysemy
floor,2,地面|楼,Check Polysemy
space,2,场地|空间,Check Polysemy
tomb,2,坟墓|墓,Check Polysemy
slope,2,坡|斜坡,Check Polysemy
rubbish,2,垃圾|废物,Check Polysemy
model,2,型|模型,Check Polysemy
dirt,2,垢|污,Check Polysemy
culture,2,培养|文化,Check Polysemy
grow,2,增长|生长,Check Polysemy
wall,2,壁|墙,Check Polysemy
magnificent,2,壮丽|壮丽的,Check Polysemy
shell,2,壳|贝,Check Polysemy
pot,2,壶|锅,Check Polysemy
be,2,处于|系,Check Polysemy
complicated,2,复杂|繁,Check Polysemy
summer,2,夏|夏季,Check Polysemy
eve,2,夏娃|前夕,Check Polysemy
evening,2,夕|晚,Check Polysemy
morning,2,夙|晨,Check Polysemy
pluralism,2,多元|多元化,Check Polysemy
majority,2,多数|大多数,Check Polysemy
large,2,大|硕,Check Polysemy
loud,2,大声|响,Check Polysemy
dimension,2,大小|维,Check Polysemy
roughly,2,大概|大致,Check Polysemy
atmosphere,2,大气|风气,Check Polysemy
general,2,大都|将军,Check Polysemy
numerous,2,大量|众多,Check Polysemy
greatest,2,太|莫大,Check Polysemy
clip,2,夹|回形针,Check Polysemy
bizarre,2,奇异|古怪,Check Polysemy
advise,2,奉劝|劝导,Check Polysemy
strive,2,奋斗|努力,Check Polysemy
agreement,2,契约|协定,Check Polysemy
scamper,2,奔跑|雀跃,Check Polysemy
girl,2,女孩|姑娘,Check Polysemy
traitor,2,奸|叛徒,Check Polysemy
so,2,如此|那么,Check Polysemy
clever,2,妙|乖,Check Polysemy
secure,2,妥|巩,Check Polysemy
appropriate,2,妥善|相当,Check Polysemy
wife,2,妻|妻子,Check Polysemy
surname,2,姓|台,Check Polysemy
committee,2,委员会|委员,Check Polysemy
wedding,2,婚姻|婚礼,Check Polysemy
suspect,2,嫌疑犯|嫌犯,Check Polysemy
bullet,2,子弹|弹,Check Polysemy
hole,2,孔|穴,Check Polysemy
grandson,2,孙子|孙,Check Polysemy
learn,2,学习|学,Check Polysemy
who,2,孰|谁,Check Polysemy
reassure,2,安慰|慰,Check Polysemy
serene,2,安详|安祥,Check Polysemy
quiet,2,安静|幽,Check Polysemy
precious,2,宝|珍贵,Check Polysemy
experiment,2,实验|试,Check Polysemy
customer,2,客|顾客,Check Polysemy
client,2,客户|顾客,Check Polysemy
palace,2,宫殿|宫,Check Polysemy
pest,2,害虫|毒物,Check Polysemy
feast,2,宴|盛宴,Check Polysemy
banquet,2,宴会|席,Check Polysemy
furniture,2,家|家俱,Check Polysemy
close,2,密切|关闭,Check Polysemy
chill,2,寒冷|放松,Check Polysemy
examine,2,察|检查,Check Polysemy
inch,2,寸|吋,Check Polysemy
couple,2,对|情侣,Check Polysemy
contrast,2,对照|对比,Check Polysemy
shoot,2,射击|射,Check Polysemy
careful,2,小心|仔细,Check Polysemy
grove,2,小树林|树林,Check Polysemy
few,2,少数|少,Check Polysemy
try,2,尝试|设法,Check Polysemy
awkward,2,尴尬|拙,Check Polysemy
despite,2,尽管|任凭,Check Polysemy
frequent,2,尿频|频繁,Check Polysemy
stool,2,屎|凳子,Check Polysemy
reject,2,屏|拒绝,Check Polysemy
slaughter,2,屠|宰,Check Polysemy
mountain,2,山|岳,Check Polysemy
valley,2,山谷|流域,Check Polysemy
island,2,岛屿|岛,Check Polysemy
gorge,2,峡|峡谷,Check Polysemy
nest,2,巢|窝,Check Polysemy
left,2,左|左边,Check Polysemy
difference,2,差|分别,Check Polysemy
self,2,己|自己,Check Polysemy
market,2,市|市场,Check Polysemy
downtown,2,市中心|市区,Check Polysemy
account,2,帐|账,Check Polysemy
have,2,带有|具有,Check Polysemy
guide,2,带领|指引,Check Polysemy
frequently,2,常常|不时,Check Polysemy
drought,2,干旱|旱,Check Polysemy
plain,2,平原|素,Check Polysemy
average,2,平均数|平均,Check Polysemy
beam,2,平衡木|梁,Check Polysemy
tranquil,2,平静|宁静,Check Polysemy
kindergarten,2,幼稚园|幼儿园,Check Polysemy
wide,2,广|开阔,Check Polysemy
vast,2,广阔|广大,Check Polysemy
celebrate,2,庆|庆祝,Check Polysemy
sequence,2,序列|程序,Check Polysemy
should,2,应该|应当,Check Polysemy
background,2,底|背景,Check Polysemy
kitchen,2,庖|厨房,Check Polysemy
abolish,2,废除|废,Check Polysemy
hut,2,庵|茅草小屋,Check Polysemy
building,2,建筑|建筑物,Check Polysemy
construction,2,建设|施工,Check Polysemy
construct,2,建造|建构,Check Polysemy
open,2,开|通,Check Polysemy
begin,2,开始|始,Check Polysemy
lane,2,弄|巷,Check Polysemy
string,2,弦|串,Check Polysemy
compel,2,强迫|逼,Check Polysemy
manage,2,当|符合,Check Polysemy
certainly,2,当然|必,Check Polysemy
picture,2,影|拍摄,Check Polysemy
influence,2,影响|势,Check Polysemy
service,2,役|服务,Check Polysemy
that,2,彼|该,Check Polysemy
stay,2,待|逗,Check Polysemy
heart,2,心脏|心,Check Polysemy
bear,2,忍受|熊,Check Polysemy
endure,2,忍耐|禁,Check Polysemy
ponder,2,忖|思索,Check Polysemy
busy,2,忙碌|忙,Check Polysemy
loyal,2,忠诚|忠,Check Polysemy
anxiety,2,忧虑|焦急,Check Polysemy
ignore,2,忽视|忽略,Check Polysemy
blame,2,怨|斥,Check Polysemy
total,2,总计|合计,Check Polysemy
afraid,2,恐|恐怕,Check Polysemy
panic,2,恐慌|惊慌,Check Polysemy
respectful,2,恪|恭,Check Polysemy
exactly,2,恰|整,Check Polysemy
misfortune,2,患|不幸,Check Polysemy
cliff,2,悬崖|厂,Check Polysemy
heal,2,愈|愈合,Check Polysemy
meaning,2,意义|含意,Check Polysemy
unexpected,2,意想不到|意外,Check Polysemy
stupid,2,愚|笨,Check Polysemy
blank,2,愣|空,Check Polysemy
ready,2,愿意|将,Check Polysemy
hate,2,憎恨|怨恨,Check Polysemy
lazy,2,懒|懒惰,Check Polysemy
spear,2,戈|矛,Check Polysemy
adult,2,成人|大人,Check Polysemy
establish,2,成立|建成,Check Polysemy
achievement,2,成绩|事迹,Check Polysemy
mature,2,成长|成熟,Check Polysemy
or,2,或者|还是,Check Polysemy
perhaps,2,或许|也许,Check Polysemy
by,2,截至|被,Check Polysemy
room,2,房间|室,Check Polysemy
palm,2,手掌|棕,Check Polysemy
disturb,2,打扰|搔,Check Polysemy
tie,2,打结|领带,Check Polysemy
throw,2,扔|丢掉,Check Polysemy
entrust,2,托|委托,Check Polysemy
speaker,2,扬声器|议长,Check Polysemy
reverse,2,扭转|倒车,Check Polysemy
adorn,2,扮|饰,Check Polysemy
act,2,扮演|举动,Check Polysemy
pull,2,扯|扳,Check Polysemy
find,2,找到|发觉,Check Polysemy
trick,2,技巧|戏,Check Polysemy
handle,2,把|门把手,Check Polysemy
vote,2,投票|表决,Check Polysemy
surrender,2,投降|降,Check Polysemy
report,2,报告|报,Check Polysemy
resist,2,抵抗|牴,Check Polysemy
worry,2,担忧|着急,Check Polysemy
select,2,拔|选择,Check Polysemy
pluck,2,拔|采摘,Check Polysemy
drag,2,拖|拽,Check Polysemy
provoke,2,招|挑衅,Check Polysemy
crowd,2,拥|群,Check Polysemy
fist,2,拳头|拳,Check Polysemy
spell,2,拼写|咒语,Check Polysemy
accuse,2,指责|控告,Check Polysemy
fussy,2,挑剔的|罗,Check Polysemy
struggle,2,挣扎|争,Check Polysemy
crowded,2,挤|拥挤,Check Polysemy
fail,2,挫|失败,Check Polysemy
offer,2,捐助|供,Check Polysemy
seize,2,据|攫,Check Polysemy
discharge,2,排出|排放,Check Polysemy
dig,2,掘|抉,Check Polysemy
quest,2,探险|探索,Check Polysemy
approach,2,接近|来临,Check Polysemy
elect,2,推选|推举,Check Polysemy
toss,2,掷|抛,Check Polysemy
massage,2,揉|按摩,Check Polysemy
mention,2,提及|提到,Check Polysemy
proposal,2,提议|建议,Check Polysemy
insert,2,插入|插,Check Polysemy
greet,2,揖|致敬,Check Polysemy
glaze,2,搪瓷杯|糖霜,Check Polysemy
porter,2,搬运工|夫,Check Polysemy
assist,2,摄|帮助,Check Polysemy
break,2,摧|断裂,Check Polysemy
retreat,2,撤退|退,Check Polysemy
compose,2,撰|组,Check Polysemy
rub,2,擦|摩,Check Polysemy
wipe,2,擦拭|拭,Check Polysemy
fee,2,收费|费,Check Polysemy
home,2,故乡|家园,Check Polysemy
result,2,效果|成果,Check Polysemy
enemy,2,敌人|敌,Check Polysemy
sensitive,2,敏感|灵敏,Check Polysemy
education,2,教育|教学,Check Polysemy
amount,2,数量|数目,Check Polysemy
file,2,文件夾|档案,Check Polysemy
news,2,新闻|息,Check Polysemy
distribute,2,施|分发,Check Polysemy
trip,2,旅|旅游,Check Polysemy
travel,2,旅行|游,Check Polysemy
banner,2,旗|横幅,Check Polysemy
scoundrel,2,无赖|坏蛋,Check Polysemy
early,2,早|先,Check Polysemy
o'clock,2,时|点,Check Polysemy
fragile,2,易碎的|易碎,Check Polysemy
star,2,星|明星,Check Polysemy
whether,2,是否|不论,Check Polysemy
crystal,2,晶|水晶,Check Polysemy
wisdom,2,智|智慧,Check Polysemy
temporary,2,暂时|临时的,Check Polysemy
heat,2,暑|热,Check Polysemy
bent,2,曲|屈,Check Polysemy
music,2,曲子|音乐,Check Polysemy
best,2,最好的|最好,Check Polysemy
somewhat,2,有一些|稍,Check Polysemy
promote,2,有助于|振兴,Check Polysemy
sometimes,2,有时候|有时,Check Polysemy
dynasty,2,朝代|殷,Check Polysemy
hope,2,期望|望,Check Polysemy
tree,2,木|树,Check Polysemy
original,2,本来|原来,Check Polysemy
itself,2,本身|自身,Check Polysemy
method,2,术|方法,Check Polysemy
crew,2,机组人员|船员,Check Polysemy
pole,2,杆|竿,Check Polysemy
plum,2,李子|李,Check Polysemy
treaty,2,条约|合约,Check Polysemy
loose,2,松|宽松,Check Polysemy
forest,2,林|森林,Check Polysemy
fruit,2,果|水果,Check Polysemy
maple,2,枫叶|枫,Check Polysemy
seven,2,柒|七,Check Polysemy
pillar,2,柱子|柱,Check Polysemy
hedge,2,树篱|不置可否,Check Polysemy
core,2,核心|果核,Check Polysemy
simply,2,根本|简直,Check Polysemy
bridge,2,桥|梁,Check Polysemy
stem,2,梗|柯,Check Polysemy
cotton,2,棉|绵,Check Polysemy
mallet,2,槌|木槌,Check Polysemy
cage,2,樊|笼子,Check Polysemy
secondary,2,次要|副,Check Polysemy
joyful,2,欢喜|愉悦,Check Polysemy
joy,2,欣喜|禧,Check Polysemy
song,2,歌曲|歌,Check Polysemy
regular,2,正常|通常,Check Polysemy
weapon,2,武器|戎,Check Polysemy
warrior,2,武士|勇士,Check Polysemy
dangerous,2,殆|危险,Check Polysemy
colony,2,殖民地|殖民,Check Polysemy
paragraph,2,段|段落,Check Polysemy
perish,2,毁灭|去死,Check Polysemy
mother,2,母亲|娘,Check Polysemy
every,2,每隔|凡是,Check Polysemy
poison,2,毒药|毒,Check Polysemy
match,2,比赛|匹配,Check Polysemy
fur,2,毛皮|裘,Check Polysemy
forever,2,永|永远,Check Polysemy
permanent,2,永久的|恒,Check Polysemy
pond,2,池塘|池,Check Polysemy
ooze,2,汪|渗出,Check Polysemy
too,2,汰|以及,Check Polysemy
submerge,2,沉|泯,Check Polysemy
ditch,2,沟|沟渠,Check Polysemy
communicate,2,沟通|交流,Check Polysemy
upset,2,沮丧|难过,Check Polysemy
cure,2,治|治疗,Check Polysemy
divulge,2,泄|揭,Check Polysemy
judge,2,法官|判定,Check Polysemy
attention,2,注意|注意力,Check Polysemy
safe,2,泰|安全,Check Polysemy
cleanse,2,洁净|淘,Check Polysemy
bathe,2,洗澡|沐,Check Polysemy
cave,2,洞|洞穴,Check Polysemy
flood,2,洪水|洪,Check Polysemy
continent,2,洲|大陆,Check Polysemy
alive,2,活|活着的,Check Polysemy
lively,2,活泼|热闹,Check Polysemy
send,2,派遣|派出,Check Polysemy
rate,2,流量|率,Check Polysemy
side,2,测|边,Check Polysemy
measure,2,测量|措施,Check Polysemy
aid,2,济|协助,Check Polysemy
bath,2,浴|澡,Check Polysemy
ocean,2,海洋|海,Check Polysemy
mix,2,混合|掺,Check Polysemy
fisherman,2,渔|渔民,Check Polysemy
march,2,游行|三月,Check Polysemy
spill,2,溢出|洒,Check Polysemy
nourish,2,滋|育,Check Polysemy
slip,2,滑倒|溜走,Check Polysemy
beach,2,滩|海滩,Check Polysemy
paint,2,漆|画图,Check Polysemy
funnel,2,漏|漏斗,Check Polysemy
play,2,演出|抹,Check Polysemy
free,2,漫|免费,Check Polysemy
tide,2,潮|潮汐,Check Polysemy
passion,2,激情|热情,Check Polysemy
teach,2,灌输|教,Check Polysemy
fire,2,火|火力,Check Polysemy
extinguish,2,灭|灭绝,Check Polysemy
flexible,2,灵活|机动,Check Polysemy
victim,2,灾民|被害人,Check Polysemy
annoying,2,烦人|恼火,Check Polysemy
hot,2,烫|辣,Check Polysemy
where,2,焉|哪里,Check Polysemy
anxious,2,焦虑|担心,Check Polysemy
burn,2,燃|焚,Check Polysemy
blast,2,爆炸|吹,Check Polysemy
explosion,2,爆炸|轰,Check Polysemy
interest,2,爱好|兴趣,Check Polysemy
plaque,2,牌匾|萬世師表,Check Polysemy
shepherd,2,牧羊人|牧,Check Polysemy
calf,2,犊|小牛,Check Polysemy
dog,2,犬|狗,Check Polysemy
crime,2,犯罪|辜,Check Polysemy
state,2,状态|州,Check Polysemy
ruthless,2,狠|酷,Check Polysemy
prison,2,狱|监狱,Check Polysemy
king,2,王|辟,Check Polysemy
nine,2,玖|九,Check Polysemy
bracelet,2,环|钏,Check Polysemy
glass,2,玻璃|玻,Check Polysemy
treasure,2,珍|珍惜,Check Polysemy
porcelain,2,瓷器|瓷,Check Polysemy
tile,2,瓷砖|瓦,Check Polysemy
sweet,2,甜|甘,Check Polysemy
manufacture,2,生产|制造,Check Polysemy
organism,2,生物|有机体,Check Polysemy
livelihood,2,生计|谋生,Check Polysemy
fling,2,甩|投掷,Check Polysemy
electric,2,电|电气,Check Polysemy
appliance,2,电器|用具,Check Polysemy
smooth,2,畅|润,Check Polysemy
neglect,2,疏忽|忽视,Check Polysemy
scar,2,疤痕|疤,Check Polysemy
patient,2,病人|患者,Check Polysemy
ache,2,痛|疼,Check Polysemy
abhor,2,痛恨|嫌恶,Check Polysemy
paralyzed,2,瘫|瘫痪,Check Polysemy
daytime,2,白天|昼,Check Polysemy
idiot,2,白痴|傻瓜,Check Polysemy
legend,2,白蛇传说|神话,Check Polysemy
hundred,2,百|佰,Check Polysemy
leather,2,皮革|皮,Check Polysemy
basin,2,盆|盆地,Check Polysemy
armor,2,盔甲|甲,Check Polysemy
tray,2,盘子|托盘,Check Polysemy
destination,2,目的地|北京南站,Check Polysemy
opposite,2,相反|对面,Check Polysemy
equal,2,相等|均,Check Polysemy
frugal,2,省|节约,Check Polysemy
eyebrow,2,眉|眉毛,Check Polysemy
think,2,看|思考,Check Polysemy
apparently,2,看来|似乎,Check Polysemy
now,2,眼前|此时,Check Polysemy
observe,2,睹|观察,Check Polysemy
tower,2,矗立|塔,Check Polysemy
arrow,2,矢|箭,Check Polysemy
famous,2,知名|有名,Check Polysemy
intellectual,2,知识分子|知识,Check Polysemy
short,2,矮|矬,Check Polysemy
oil,2,石油|油,Check Polysemy
study,2,研|读书,Check Polysemy
broken,2,破|折,Check Polysemy
smash,2,砸|砸碎,Check Polysemy
carbon,2,碳|炭,Check Polysemy
week,2,礼拜|星期,Check Polysemy
gown,2,礼服|袍,Check Polysemy
gift,2,礼物|礼,Check Polysemy
ancestor,2,祖|祖先,Check Polysemy
happiness,2,福|喜,Check Polysemy
exit,2,离去|出口,Check Polysemy
personal,2,私|亲身,Check Polysemy
private,2,私有|私人,Check Polysemy
bald,2,秃|兀,Check Polysemy
autumn,2,秋|秋季,Check Polysemy
department,2,科系|部门,Check Polysemy
poor,2,穷人|贫,Check Polysemy
prominent,2,突出|显,Check Polysemy
sudden,2,突然|暴,Check Polysemy
competition,2,竞争|赛,Check Polysemy
race,2,竞赛|族,Check Polysemy
laugh,2,笑|嘻,Check Polysemy
fool,2,笨蛋|傻瓜,Check Polysemy
second,2,第二|秒,Check Polysemy
basket,2,笼|篮,Check Polysemy
muscle,2,筋|肌肉,Check Polysemy
plot,2,策划|策略,Check Polysemy
category,2,类别|范畴,Check Polysemy
manure,2,粪|肥料,Check Polysemy
cake,2,糕|蛋糕,Check Polysemy
pastry,2,糕点|点心,Check Polysemy
horrid,2,糟糕|可怕的,Check Polysemy
accumulate,2,累计|积累,Check Polysemy
weigh,2,约|称重,Check Polysemy
appointment,2,约会|预约,Check Polysemy
about,2,约莫|关于,Check Polysemy
paper,2,纸|论文,Check Polysemy
organization,2,组织|机构,Check Polysemy
fine,2,细|罚款,Check Polysemy
weave,2,织|编,Check Polysemy
experience,2,经历|经验,Check Polysemy
trade,2,经贸|贸易,Check Polysemy
process,2,经过|过程,Check Polysemy
kidnap,2,绑架|拐,Check Polysemy
to,2,给|到,Check Polysemy
jar,2,缸|罐子,Check Polysemy
tin,2,罐头|锡,Check Polysemy
sorrow,2,罹|哀,Check Polysemy
virtue,2,美德|德,Check Polysemy
shy,2,羞|害羞,Check Polysemy
humiliating,2,羞辱|屈辱,Check Polysemy
feather,2,羽毛|羽,Check Polysemy
consider,2,考量|以为,Check Polysemy
ear,2,耳朵|耳,Check Polysemy
shame,2,耻|羞耻,Check Polysemy
listen,2,聆听|听,Check Polysemy
engage,2,聘请|聘,Check Polysemy
four,2,肆|四,Check Polysemy
elbow,2,肘|肘部,Check Polysemy
belly,2,肚子|肚,Check Polysemy
stock market,2,股票市场|股市,Check Polysemy
skin,2,肤|皮肤,Check Polysemy
coerce,2,胁迫|挟,Check Polysemy
courage,2,胆|勇气,Check Polysemy
victory,2,胜利|捷,Check Polysemy
dirty,2,脏|肮脏,Check Polysemy
mind,2,脑海|怀,Check Polysemy
heel,2,脚后跟|跟,Check Polysemy
decay,2,腐烂|腐,Check Polysemy
wrist,2,腕|手腕,Check Polysemy
waist,2,腰部|腰,Check Polysemy
knee,2,膝|膝盖,Check Polysemy
butt,2,臀|屁股,Check Polysemy
arrive,2,至|抵达,Check Polysemy
least,2,至少|最少,Check Polysemy
relax,2,舒|弛,Check Polysemy
boat,2,舟|航,Check Polysemy
aviation,2,航空|飞行,Check Polysemy
flower,2,花|花儿,Check Polysemy
garden,2,花园|园,Check Polysemy
wreath,2,花圈|花环,Check Polysemy
hero,2,英雄|杰,Check Polysemy
pattern,2,范|图案,Check Polysemy
lawn,2,草坪|草地,Check Polysemy
dish,2,菜肴|菜,Check Polysemy
sprout,2,萌芽|苗,Check Polysemy
camp,2,营地|露营,Check Polysemy
deceive,2,蒙|哄,Check Polysemy
blue,2,蓝|碧,Check Polysemy
banana,2,蕉|芭,Check Polysemy
fuel,2,薪|燃料,Check Polysemy
store,2,藏|商店,Check Polysemy
insect,2,虫|昆虫,Check Polysemy
although,2,虽|虽然,Check Polysemy
bean,2,蚕豆|豆,Check Polysemy
flea,2,蚤|跳蚤,Check Polysemy
candle,2,蜡|烛,Check Polysemy
butterfly,2,蝶|蝴蝶,Check Polysemy
screw,2,螺旋|螺丝,Check Polysemy
blunt,2,蠢|钝,Check Polysemy
profession,2,行|职业,Check Polysemy
action,2,行为|作用,Check Polysemy
operation,2,行动|手术,Check Polysemy
street,2,街|街道,Check Polysemy
compensate,2,补偿|赔偿,Check Polysemy
additional,2,补充|另外,Check Polysemy
sleeve,2,袖子|袖,Check Polysemy
cut,2,裁|创,Check Polysemy
adornment,2,装|妆,Check Polysemy
request,2,要求|请求,Check Polysemy
opinion,2,见解|意见,Check Polysemy
meet,2,见面|遇见,Check Polysemy
angle,2,角度|角,Check Polysemy
resolve,2,解决|分解,Check Polysemy
settle,2,解决|安顿,Check Polysemy
police,2,警察|警方,Check Polysemy
calculate,2,计算|亿,Check Polysemy
recognize,2,认出|承认,Check Polysemy
ridicule,2,讥|嘲,Check Polysemy
disgusting,2,讨厌|厌恶,Check Polysemy
permit,2,让|容许,Check Polysemy
drill,2,训练|电钻,Check Polysemy
inquire,2,访|询,Check Polysemy
confirm,2,证实|确认,Check Polysemy
proof,2,证明|凭,Check Polysemy
detailed,2,详|详细,Check Polysemy
language,2,语言|文,Check Polysemy
explanation,2,说明|解释,Check Polysemy
statement,2,说法|发言,Check Polysemy
comma,2,读|逗号,Check Polysemy
classroom,2,课堂|教室,Check Polysemy
course,2,课程|轨,Check Polysemy
mode,2,调|模式,Check Polysemy
cereal,2,谷物早餐|禾,Check Polysemy
hog,2,豕|猪,Check Polysemy
symbol,2,象征|符号,Check Polysemy
chess,2,象棋|棋,Check Polysemy
bell,2,贝尔|铃,Check Polysemy
scold,2,责骂|骂,Check Polysemy
greedy,2,贪婪|贪,Check Polysemy
pierce,2,贯|穿,Check Polysemy
implement,2,贯彻|器具,Check Polysemy
expensive,2,贵|昂贵,Check Polysemy
confer,2,赐|颁给,Check Polysemy
win,2,赢得|赢,Check Polysemy
hurriedly,2,赶紧|匆匆,Check Polysemy
overtake,2,超|超车,Check Polysemy
interesting,2,趣|有趣,Check Polysemy
distance,2,距离|距,Check Polysemy
stamp,2,踩|印,Check Polysemy
waddle,2,蹒跚|跩,Check Polysemy
ID card,2,身分证|身份证,Check Polysemy
height,2,身高|高度,Check Polysemy
dodge,2,躲避|闪避,Check Polysemy
car,2,车|汽车,Check Polysemy
station,2,车站|站,Check Polysemy
transfer,2,转让|转送,Check Polysemy
soft,2,软|柔,Check Polysemy
resign,2,辞职|辞,Check Polysemy
rim,2,边缘|杯子的边缘,Check Polysemy
attain,2,达|高达,Check Polysemy
excessively,2,过于|过,Check Polysemy
past,2,过去|往,Check Polysemy
recently,2,近日|近来,Check Polysemy
remote,2,远程|偏远,Check Polysemy
illegal,2,违法|非法,Check Polysemy
chain,2,连锁|链条,Check Polysemy
urgent,2,迫切|紧急,Check Polysemy
deliver,2,送交|接生,Check Polysemy
suit,2,适应|西装,Check Polysemy
through,2,透过|通过,Check Polysemy
road,2,道路|路,Check Polysemy
distant,2,遥|遥远的,Check Polysemy
there,2,那里|那儿,Check Polysemy
evil,2,邪恶|恶,Check Polysemy
gloomy,2,郁闷|阴沉,Check Polysemy
pick,2,采摘|掐,Check Polysemy
metal,2,金属|金,Check Polysemy
money,2,钞|财,Check Polysemy
entice,2,钩|诱,Check Polysemy
sharp,2,锋利|激,Check Polysemy
pound,2,锤击|捣,Check Polysemy
length,2,长度|长,Check Polysemy
peep,2,阚|窥,Check Polysemy
class,2,阶级|等,Check Polysemy
flatter,2,阿|媚,Check Polysemy
six,2,陆|六,Check Polysemy
arrange,2,陈|整理,Check Polysemy
low,2,陋|低,Check Polysemy
precipitation,2,降雨|降水,Check Polysemy
trap,2,陷|陷阱,Check Polysemy
rumble,2,隆隆声|咕咕叫,Check Polysemy
unbearable,2,难以忍受|难以忍受的,Check Polysemy
incredible,2,难以置信|难以置信的,Check Polysemy
seldom,2,难得|很少,Check Polysemy
concentrate,2,集中|浓缩,Check Polysemy
thunder,2,雷|砰,Check Polysemy
necessity,2,需|必要性,Check Polysemy
dew,2,露珠|露,Check Polysemy
green,2,青|绿,Check Polysemy
vein,2,静脉|血管,Check Polysemy
fade,2,面|褪,Check Polysemy
confront,2,面对|对抗,Check Polysemy
sound,2,音|声,Check Polysemy
item,2,项|条,Check Polysemy
conveniently,2,顺便|随手,Check Polysemy
preparation,2,预备|准备,Check Polysemy
expect,2,预期|期待,Check Polysemy
forecast,2,预测|预报,Check Polysemy
predict,2,预测|预计,Check Polysemy
frequency,2,频率|频,Check Polysemy
volume,2,额|体积,Check Polysemy
scenery,2,风景|景点,Check Polysemy
storm,2,风暴|暴风雨,Check Polysemy
food,2,饭|食物,Check Polysemy
restaurant,2,饭店|餐馆,Check Polysemy
satisfied,2,饱|满意,Check Polysemy
hungry,2,饿|饥,Check Polysemy
highway,2,高速公路|冲,Check Polysemy
wheat,2,麦|小麦,Check Polysemy
silent,2,默|无声,Check Polysemy
